{
  "num_samples": 1000,
  "correct": 878,
  "incorrect": 122,
  "accuracy": 0.878,
  "confusion_matrix": {
    "tn": 820,
    "fp": 0,
    "fn": 122,
    "tp": 58
  },
  "label_counts": {
    "0": 820,
    "1": 180
  },
  "prediction_counts": {
    "0": 942,
    "1": 58
  },
  "float_out": {
    "all": {
      "count": 1000,
      "min": -15.0625,
      "max": 14.625,
      "mean": -7.3155,
      "median": -8.4375,
      "p95": 1.0031249999999972
    },
    "label_0": {
      "count": 820,
      "min": -11.1875,
      "max": -5.625,
      "mean": -8.710670731707317,
      "median": -8.6875,
      "p95": -7.375
    },
    "label_1": {
      "count": 180,
      "min": -15.0625,
      "max": 14.625,
      "mean": -0.9597222222222223,
      "median": -1.9375,
      "p95": 9.065625
    }
  },
  "latency_cycles": {
    "count": 1000,
    "min": 272.0,
    "max": 272.0,
    "mean": 272.0,
    "median": 272.0,
    "p95": 272.0
  },
  "latency_us": {
    "count": 1000,
    "min": 1.36,
    "max": 1.36,
    "mean": 1.36,
    "median": 1.36,
    "p95": 1.36
  }
}
