{
  "num_samples": 1000,
  "threshold": -6.0,
  "correct": 180,
  "incorrect": 820,
  "accuracy": 0.18,
  "confusion_matrix": {
    "tn": 0,
    "fp": 820,
    "fn": 0,
    "tp": 180
  },
  "metrics": {
    "precision": 0.18,
    "recall": 1.0,
    "specificity": 0.0,
    "f1": 0.3050847457627119
  },
  "label_counts": {
    "0": 820,
    "1": 180
  },
  "prediction_counts": {
    "0": 0,
    "1": 1000
  },
  "float_out": {
    "all": {
      "count": 1000,
      "min": -5.90625,
      "max": 31.738281,
      "mean": -1.921218747,
      "median": -3.287109,
      "p95": 7.282812749999995
    },
    "label_0": {
      "count": 820,
      "min": -5.90625,
      "max": -0.097656,
      "mean": -3.518978656097561,
      "median": -3.556641,
      "p95": -2.140625
    },
    "label_1": {
      "count": 180,
      "min": -2.578125,
      "max": 31.738281,
      "mean": 5.357465283333333,
      "median": 3.9121094999999997,
      "p95": 17.121484850000005
    }
  },
  "latency_cycles": {
    "count": 1000,
    "min": 271.0,
    "max": 271.0,
    "mean": 271.0,
    "median": 271.0,
    "p95": 271.0
  },
  "latency_us": {
    "count": 1000,
    "min": 1.355,
    "max": 1.355,
    "mean": 1.355,
    "median": 1.355,
    "p95": 1.355
  },
  "keras_comparison": {
    "model_path": "/home/work1/Works/CNN-Core-Generator/models/hgq_config_beta7_gamma6_p1_cl_best_v3.keras",
    "x_test_path": "/home/work1/Works/CNN-Core-Generator/data/X_test_data.npy",
    "y_test_path": "/home/work1/Works/CNN-Core-Generator/data/y_test_labels.npy",
    "x_test_shape_raw": [
      1000,
      4,
      256,
      1
    ],
    "x_test_shape_model": [
      1000,
      256,
      4
    ],
    "x_test_transform": "transpose_from_channels_first_time_series",
    "num_compared": 1000,
    "label_mismatches_between_csv_and_npy": 0,
    "keras_threshold": 0.5,
    "rtl_threshold": -6.0,
    "keras_score": {
      "count": 1000,
      "min": -5.2421875,
      "max": 24.0,
      "mean": -1.23294921875,
      "median": -2.607421875,
      "p95": 8.146484374999998
    },
    "rtl_score": {
      "count": 1000,
      "min": -5.90625,
      "max": 31.738281,
      "mean": -1.921218747,
      "median": -3.287109,
      "p95": 7.282812749999995
    },
    "score_diff_rtl_minus_keras": {
      "count": 1000,
      "min": -2.5000002500000003,
      "max": 8.6210935,
      "mean": -0.68826952825,
      "median": -0.68750025,
      "p95": -0.15214821249999994,
      "mae": 0.73517577975,
      "rmse": 0.8583311939074951,
      "max_abs": 8.6210935,
      "correlation": 0.9927318037824169
    },
    "keras_metrics": {
      "tn": 819,
      "fp": 1,
      "fn": 21,
      "tp": 159,
      "accuracy": 0.978,
      "precision": 0.99375,
      "recall": 0.8833333333333333,
      "specificity": 0.998780487804878,
      "f1": 0.9352941176470588
    },
    "rtl_metrics_on_npy_labels": {
      "tn": 0,
      "fp": 820,
      "fn": 0,
      "tp": 180,
      "accuracy": 0.18,
      "precision": 0.18,
      "recall": 1.0,
      "specificity": 0.0,
      "f1": 0.3050847457627119
    },
    "keras_default_threshold": {
      "threshold": 0.5,
      "tn": 819,
      "fp": 1,
      "fn": 21,
      "tp": 159,
      "accuracy": 0.978,
      "precision": 0.99375,
      "recall": 0.8833333333333333,
      "specificity": 0.998780487804878,
      "f1": 0.9352941176470588
    },
    "keras_best_threshold": {
      "threshold": -0.4296875,
      "tn": 818,
      "fp": 2,
      "fn": 8,
      "tp": 172,
      "accuracy": 0.99,
      "precision": 0.9885057471264368,
      "recall": 0.9555555555555556,
      "specificity": 0.9975609756097561,
      "f1": 0.9717514124293786
    },
    "rtl_best_threshold": {
      "threshold": -1.3945315,
      "tn": 816,
      "fp": 4,
      "fn": 9,
      "tp": 171,
      "accuracy": 0.987,
      "precision": 0.9771428571428571,
      "recall": 0.95,
      "specificity": 0.9951219512195122,
      "f1": 0.9633802816901408
    },
    "prediction_agreement": 0.16,
    "prediction_disagreements": 840
  }
}
