{
  "num_samples": 1000,
  "threshold": -6.0,
  "correct": 977,
  "incorrect": 23,
  "accuracy": 0.977,
  "confusion_matrix": {
    "tn": 819,
    "fp": 1,
    "fn": 22,
    "tp": 158
  },
  "metrics": {
    "precision": 0.9937106918238994,
    "recall": 0.8777777777777778,
    "specificity": 0.998780487804878,
    "f1": 0.9321533923303834
  },
  "label_counts": {
    "0": 820,
    "1": 180
  },
  "prediction_counts": {
    "0": 841,
    "1": 159
  },
  "float_out": {
    "all": {
      "count": 1000,
      "min": -15.0625,
      "max": 14.625,
      "mean": -7.3155,
      "median": -8.4375,
      "p95": 1.0031249999999972
    },
    "label_0": {
      "count": 820,
      "min": -11.1875,
      "max": -5.625,
      "mean": -8.710670731707317,
      "median": -8.6875,
      "p95": -7.375
    },
    "label_1": {
      "count": 180,
      "min": -15.0625,
      "max": 14.625,
      "mean": -0.9597222222222223,
      "median": -1.9375,
      "p95": 9.065625
    }
  },
  "latency_cycles": {
    "count": 1000,
    "min": 272.0,
    "max": 272.0,
    "mean": 272.0,
    "median": 272.0,
    "p95": 272.0
  },
  "latency_us": {
    "count": 1000,
    "min": 1.36,
    "max": 1.36,
    "mean": 1.36,
    "median": 1.36,
    "p95": 1.36
  }
}
