{
  "num_samples": 1000,
  "threshold": -6.0,
  "correct": 977,
  "incorrect": 23,
  "accuracy": 0.977,
  "confusion_matrix": {
    "tn": 819,
    "fp": 1,
    "fn": 22,
    "tp": 158
  },
  "metrics": {
    "precision": 0.9937106918238994,
    "recall": 0.8777777777777778,
    "specificity": 0.998780487804878,
    "f1": 0.9321533923303834
  },
  "label_counts": {
    "0": 820,
    "1": 180
  },
  "prediction_counts": {
    "0": 841,
    "1": 159
  },
  "float_out": {
    "all": {
      "count": 1000,
      "min": -15.0625,
      "max": 14.625,
      "mean": -7.3155,
      "median": -8.4375,
      "p95": 1.0031249999999972
    },
    "label_0": {
      "count": 820,
      "min": -11.1875,
      "max": -5.625,
      "mean": -8.710670731707317,
      "median": -8.6875,
      "p95": -7.375
    },
    "label_1": {
      "count": 180,
      "min": -15.0625,
      "max": 14.625,
      "mean": -0.9597222222222223,
      "median": -1.9375,
      "p95": 9.065625
    }
  },
  "latency_cycles": {
    "count": 1000,
    "min": 272.0,
    "max": 272.0,
    "mean": 272.0,
    "median": 272.0,
    "p95": 272.0
  },
  "latency_us": {
    "count": 1000,
    "min": 1.36,
    "max": 1.36,
    "mean": 1.36,
    "median": 1.36,
    "p95": 1.36
  },
  "keras_comparison": {
    "model_path": "/home/work1/Works/CNN-Core-Generator/models/hgq_config_beta7_gamma6_p1_cl_best_v3.keras",
    "x_test_path": "/home/work1/Works/CNN-Core-Generator/data/X_test_data.npy",
    "y_test_path": "/home/work1/Works/CNN-Core-Generator/data/y_test_labels.npy",
    "num_compared": 1000,
    "label_mismatches_between_csv_and_npy": 0,
    "keras_threshold": -6.0,
    "rtl_threshold": -6.0,
    "keras_score": {
      "count": 1000,
      "min": -2.93359375,
      "max": 15.0703125,
      "mean": 4.01773046875,
      "median": 3.830078125,
      "p95": 9.397070312499995
    },
    "rtl_score": {
      "count": 1000,
      "min": -15.0625,
      "max": 14.625,
      "mean": -7.3155,
      "median": -8.4375,
      "p95": 1.0031249999999972
    },
    "score_diff_rtl_minus_keras": {
      "count": 1000,
      "min": -23.96875,
      "max": 14.64453125,
      "mean": -11.33323046875,
      "median": -11.72265625,
      "p95": -3.341601562500002,
      "mae": 11.58441015625,
      "rmse": 12.202395361584742,
      "max_abs": 23.96875,
      "correlation": 0.0909150333516914
    },
    "keras_metrics": {
      "tn": 0,
      "fp": 820,
      "fn": 0,
      "tp": 180,
      "accuracy": 0.18,
      "precision": 0.18,
      "recall": 1.0,
      "specificity": 0.0,
      "f1": 0.3050847457627119
    },
    "rtl_metrics_on_npy_labels": {
      "tn": 819,
      "fp": 1,
      "fn": 22,
      "tp": 158,
      "accuracy": 0.977,
      "precision": 0.9937106918238994,
      "recall": 0.8777777777777778,
      "specificity": 0.998780487804878,
      "f1": 0.9321533923303834
    },
    "prediction_agreement": 0.159,
    "prediction_disagreements": 841
  }
}
